,Link,Region
The Summit,https://www.apple.com/retail/thesummit/,us
Bridge Street,https://www.apple.com/retail/bridgestreet/,us
Anchorage 5th Avenue Mall,https://www.apple.com/retail/anchorage5thavenuemall/,us
Chandler Fashion Center,https://www.apple.com/retail/chandlerfashioncenter/,us
SanTan Village,https://www.apple.com/retail/santanvillage/,us
Arrowhead,https://www.apple.com/retail/arrowhead/,us
Scottsdale Fashion Square,https://www.apple.com/retail/scottsdalefashionsquare/,us
Scottsdale Quarter,https://www.apple.com/retail/scottsdalequarter/,us
La Encantada,https://www.apple.com/retail/laencantada/,us
The Promenade at Chenal,https://www.apple.com/retail/thepromenadeatchenal/,us
Valley Plaza,https://www.apple.com/retail/valleyplaza/,us
4th Street,https://www.apple.com/retail/4thstreet/,us
Brea Mall,https://www.apple.com/retail/breamall/,us
Burlingame,https://www.apple.com/retail/burlingame/,us
Topanga,https://www.apple.com/retail/topanga/,us
Carlsbad,https://www.apple.com/retail/carlsbad/,us
Los Cerritos,https://www.apple.com/retail/loscerritos/,us
Otay Ranch,https://www.apple.com/retail/otayranch/,us
Corte Madera,https://www.apple.com/retail/cortemadera/,us
South Coast Plaza,https://www.apple.com/retail/southcoastplaza/,us
Apple Park Visitor Center,https://www.apple.com/retail/appleparkvisitorcenter/,us
Infinite Loop,https://www.apple.com/retail/infiniteloop/,us
Bay Street,https://www.apple.com/retail/baystreet/,us
North County,https://www.apple.com/retail/northcounty/,us
Fashion Fair,https://www.apple.com/retail/fashionfair/,us
Glendale Galleria,https://www.apple.com/retail/glendalegalleria/,us
The Americana at Brand,https://www.apple.com/retail/theamericanaatbrand/,us
Irvine Spectrum Center,https://www.apple.com/retail/irvinespectrumcenter/,us
Beverly Center,https://www.apple.com/retail/beverlycenter/,us
Century City,https://www.apple.com/retail/centurycity/,us
The Grove,https://www.apple.com/retail/thegrove/,us
Los Gatos,https://www.apple.com/retail/losgatos/,us
Manhattan Village,https://www.apple.com/retail/manhattanvillage/,us
Mission Viejo,https://www.apple.com/retail/missionviejo/,us
Vintage Faire,https://www.apple.com/retail/vintagefaire/,us
Del Monte,https://www.apple.com/retail/delmonte/,us
Fashion Island,https://www.apple.com/retail/fashionisland/,us
Northridge,https://www.apple.com/retail/northridge/,us
El Paseo Village,https://www.apple.com/retail/elpaseovillage/,us
Palo Alto,https://www.apple.com/retail/paloalto/,us
Stanford Shopping Center,https://www.apple.com/retail/stanfordshoppingcenter/,us
Pasadena,https://www.apple.com/retail/pasadena/,us
Stoneridge Mall,https://www.apple.com/retail/stoneridgemall/,us
Victoria Gardens,https://www.apple.com/retail/victoriagardens/,us
Roseville,https://www.apple.com/retail/roseville/,us
Arden Fair,https://www.apple.com/retail/ardenfair/,us
Fashion Valley,https://www.apple.com/retail/fashionvalley/,us
UTC,https://www.apple.com/retail/utc/,us
Chestnut Street,https://www.apple.com/retail/chestnutstreet/,us
Stonestown,https://www.apple.com/retail/stonestown/,us
Union Square,https://www.apple.com/retail/unionsquare/,us
Oakridge,https://www.apple.com/retail/oakridge/,us
Higuera Street,https://www.apple.com/retail/higuerastreet/,us
Hillsdale,https://www.apple.com/retail/hillsdale/,us
State Street,https://www.apple.com/retail/statestreet/,us
Valley Fair,https://www.apple.com/retail/valleyfair/,us
Third Street Promenade,https://www.apple.com/retail/thirdstreetpromenade/,us
Santa Rosa Plaza,https://www.apple.com/retail/santarosaplaza/,us
Sherman Oaks,https://www.apple.com/retail/shermanoaks/,us
Promenade Temecula,https://www.apple.com/retail/promenadetemecula/,us
The Oaks,https://www.apple.com/retail/theoaks/,us
Valencia Town Center,https://www.apple.com/retail/valenciatowncenter/,us
Broadway Plaza,https://www.apple.com/retail/broadwayplaza/,us
Twenty Ninth Street,https://www.apple.com/retail/twentyninthstreet/,us
FlatIron Crossing,https://www.apple.com/retail/flatironcrossing/,us
The Promenade Shops at Briargate,https://www.apple.com/retail/thepromenadeshopsatbriargate/,us
Cherry Creek,https://www.apple.com/retail/cherrycreek/,us
Aspen Grove,https://www.apple.com/retail/aspengrove/,us
Park Meadows,https://www.apple.com/retail/parkmeadows/,us
Danbury Fair Mall,https://www.apple.com/retail/danburyfairmall/,us
Westfarms,https://www.apple.com/retail/westfarms/,us
Greenwich Avenue,https://www.apple.com/retail/greenwichavenue/,us
New Haven,https://www.apple.com/retail/newhaven/,us
Evergreen Walk,https://www.apple.com/retail/evergreenwalk/,us
Stamford,https://www.apple.com/retail/stamford/,us
Trumbull,https://www.apple.com/retail/trumbull/,us
Christiana Mall,https://www.apple.com/retail/christianamall/,us
Carnegie Library,https://www.apple.com/retail/carnegielibrary/,us
Georgetown,https://www.apple.com/retail/georgetown/,us
Altamonte,https://www.apple.com/retail/altamonte/,us
Aventura,https://www.apple.com/retail/aventura/,us
Boca Raton,https://www.apple.com/retail/bocaraton/,us
Brandon,https://www.apple.com/retail/brandon/,us
Coconut Point,https://www.apple.com/retail/coconutpoint/,us
The Galleria,https://www.apple.com/retail/thegalleria/,us
St. Johns Town Center,https://www.apple.com/retail/stjohnstowncenter/,us
Lincoln Road,https://www.apple.com/retail/lincolnroad/,us
Brickell City Centre,https://www.apple.com/retail/brickellcitycentre/,us
Dadeland,https://www.apple.com/retail/dadeland/,us
The Falls,https://www.apple.com/retail/thefalls/,us
Waterside Shops,https://www.apple.com/retail/watersideshops/,us
Florida Mall,https://www.apple.com/retail/floridamall/,us
Millenia,https://www.apple.com/retail/millenia/,us
The Gardens Mall,https://www.apple.com/retail/thegardensmall/,us
University Town Center,https://www.apple.com/retail/universitytowncenter/,us
International Plaza,https://www.apple.com/retail/internationalplaza/,us
Wellington Green,https://www.apple.com/retail/wellingtongreen/,us
Avalon,https://www.apple.com/retail/avalon/,us
Cumberland Mall,https://www.apple.com/retail/cumberlandmall/,us
Lenox Square,https://www.apple.com/retail/lenoxsquare/,us
Perimeter,https://www.apple.com/retail/perimeter/,us
Augusta,https://www.apple.com/retail/augusta/,us
Mall of Georgia,https://www.apple.com/retail/mallofgeorgia/,us
Ala Moana,https://www.apple.com/retail/alamoana/,us
Kahala,https://www.apple.com/retail/kahala/,us
Royal Hawaiian,https://www.apple.com/retail/royalhawaiian/,us
Boise Towne Square,https://www.apple.com/retail/boisetownesquare/,us
Lincoln Park,https://www.apple.com/retail/lincolnpark/,us
Michigan Avenue,https://www.apple.com/retail/michiganavenue/,us
Deer Park,https://www.apple.com/retail/deerpark/,us
Main Place,https://www.apple.com/retail/mainplace/,us
Northbrook,https://www.apple.com/retail/northbrook/,us
Oakbrook,https://www.apple.com/retail/oakbrook/,us
Orland Square Mall,https://www.apple.com/retail/orlandsquaremall/,us
Woodfield,https://www.apple.com/retail/woodfield/,us
Old Orchard,https://www.apple.com/retail/oldorchard/,us
The Fashion Mall at Keystone,https://www.apple.com/retail/thefashionmallatkeystone/,us
University Park Mall,https://www.apple.com/retail/universityparkmall/,us
Jordan Creek,https://www.apple.com/retail/jordancreek/,us
Leawood,https://www.apple.com/retail/leawood/,us
Fayette Mall,https://www.apple.com/retail/fayettemall/,us
Oxmoor,https://www.apple.com/retail/oxmoor/,us
Mall of Louisiana,https://www.apple.com/retail/malloflouisiana/,us
Lakeside Shopping Center,https://www.apple.com/retail/lakesideshoppingcenter/,us
Maine Mall,https://www.apple.com/retail/mainemall/,us
Annapolis,https://www.apple.com/retail/annapolis/,us
Bethesda Row,https://www.apple.com/retail/bethesdarow/,us
Montgomery Mall,https://www.apple.com/retail/montgomerymall/,us
Columbia,https://www.apple.com/retail/columbia/,us
Towson Town Center,https://www.apple.com/retail/towsontowncenter/,us
Boylston Street,https://www.apple.com/retail/boylstonstreet/,us
South Shore,https://www.apple.com/retail/southshore/,us
Burlington,https://www.apple.com/retail/burlington/,us
CambridgeSide,https://www.apple.com/retail/cambridgeside/,us
Chestnut Hill,https://www.apple.com/retail/chestnuthill/,us
Legacy Place,https://www.apple.com/retail/legacyplace/,us
Derby Street,https://www.apple.com/retail/derbystreet/,us
Holyoke,https://www.apple.com/retail/holyoke/,us
MarketStreet,https://www.apple.com/retail/marketstreet/,us
Solomon Pond Mall,https://www.apple.com/retail/solomonpondmall/,us
Natick,https://www.apple.com/retail/natick/,us
Briarwood,https://www.apple.com/retail/briarwood/,us
Partridge Creek,https://www.apple.com/retail/partridgecreek/,us
Woodland,https://www.apple.com/retail/woodland/,us
Eastwood Towne Center,https://www.apple.com/retail/eastwoodtownecenter/,us
Twelve Oaks,https://www.apple.com/retail/twelveoaks/,us
Somerset,https://www.apple.com/retail/somerset/,us
Mall of America,https://www.apple.com/retail/mallofamerica/,us
Southdale,https://www.apple.com/retail/southdale/,us
Uptown,https://www.apple.com/retail/uptown/,us
Ridgedale,https://www.apple.com/retail/ridgedale/,us
Rosedale Center,https://www.apple.com/retail/rosedalecenter/,us
Renaissance at Colony Park,https://www.apple.com/retail/renaissanceatcolonypark/,us
Country Club Plaza,https://www.apple.com/retail/countryclubplaza/,us
Saint Louis Galleria,https://www.apple.com/retail/saintlouisgalleria/,us
West County,https://www.apple.com/retail/westcounty/,us
Village Pointe,https://www.apple.com/retail/villagepointe/,us
Fashion Show,https://www.apple.com/retail/fashionshow/,us
Summerlin,https://www.apple.com/retail/summerlin/,us
The Forum Shops,https://www.apple.com/retail/theforumshops/,us
Town Square,https://www.apple.com/retail/townsquare/,us
Summit Sierra,https://www.apple.com/retail/summitsierra/,us
The Mall of New Hampshire,https://www.apple.com/retail/themallofnewhampshire/,us
Pheasant Lane,https://www.apple.com/retail/pheasantlane/,us
Rockingham Park,https://www.apple.com/retail/rockinghampark/,us
Bridgewater,https://www.apple.com/retail/bridgewater/,us
Cherry Hill,https://www.apple.com/retail/cherryhill/,us
Menlo Park,https://www.apple.com/retail/menlopark/,us
Freehold Raceway Mall,https://www.apple.com/retail/freeholdracewaymall/,us
Quaker Bridge,https://www.apple.com/retail/quakerbridge/,us
Sagemore,https://www.apple.com/retail/sagemore/,us
Garden State Plaza,https://www.apple.com/retail/gardenstateplaza/,us
Rockaway,https://www.apple.com/retail/rockaway/,us
Short Hills,https://www.apple.com/retail/shorthills/,us
Willowbrook,https://www.apple.com/retail/willowbrook/,us
Tice’s Corner,https://www.apple.com/retail/ticescorner/,us
ABQ Uptown,https://www.apple.com/retail/abquptown/,us
Crossgates,https://www.apple.com/retail/crossgates/,us
Downtown Brooklyn,https://www.apple.com/retail/downtownbrooklyn/,us
Williamsburg,https://www.apple.com/retail/williamsburg/,us
Walden Galleria,https://www.apple.com/retail/waldengalleria/,us
Queens Center,https://www.apple.com/retail/queenscenter/,us
Roosevelt Field,https://www.apple.com/retail/rooseveltfield/,us
Walt Whitman,https://www.apple.com/retail/waltwhitman/,us
Smith Haven,https://www.apple.com/retail/smithhaven/,us
Manhasset,https://www.apple.com/retail/manhasset/,us
Nanuet,https://www.apple.com/retail/nanuet/,us
Fifth Avenue,https://www.apple.com/retail/fifthavenue/,us
Grand Central,https://www.apple.com/retail/grandcentral/,us
SoHo,https://www.apple.com/retail/soho/,us
Upper East Side,https://www.apple.com/retail/uppereastside/,us
Upper West Side,https://www.apple.com/retail/upperwestside/,us
West 14th Street,https://www.apple.com/retail/west14thstreet/,us
World Trade Center,https://www.apple.com/retail/worldtradecenter/,us
Staten Island,https://www.apple.com/retail/statenisland/,us
Syracuse,https://www.apple.com/retail/syracuse/,us
Eastview,https://www.apple.com/retail/eastview/,us
The Westchester,https://www.apple.com/retail/thewestchester/,us
Ridge Hill,https://www.apple.com/retail/ridgehill/,us
Northlake Mall,https://www.apple.com/retail/northlakemall/,us
SouthPark,https://www.apple.com/retail/southpark/,us
Southpoint,https://www.apple.com/retail/southpoint/,us
Friendly Center,https://www.apple.com/retail/friendlycenter/,us
Crabtree Valley Mall,https://www.apple.com/retail/crabtreevalleymall/,us
Summit Mall,https://www.apple.com/retail/summitmall/,us
The Greene,https://www.apple.com/retail/thegreene/,us
Kenwood Towne Centre,https://www.apple.com/retail/kenwoodtownecentre/,us
Easton Town Center,https://www.apple.com/retail/eastontowncenter/,us
Polaris Fashion Place,https://www.apple.com/retail/polarisfashionplace/,us
Franklin Park Mall,https://www.apple.com/retail/franklinparkmall/,us
Crocker Park,https://www.apple.com/retail/crockerpark/,us
Eton,https://www.apple.com/retail/eton/,us
Penn Square,https://www.apple.com/retail/pennsquare/,us
Woodland Hills,https://www.apple.com/retail/woodlandhills/,us
Pioneer Place,https://www.apple.com/retail/pioneerplace/,us
Bridgeport Village,https://www.apple.com/retail/bridgeportvillage/,us
Washington Square,https://www.apple.com/retail/washingtonsquare/,us
Suburban Square,https://www.apple.com/retail/suburbansquare/,us
King of Prussia,https://www.apple.com/retail/kingofprussia/,us
Park City,https://www.apple.com/retail/parkcity/,us
Walnut Street,https://www.apple.com/retail/walnutstreet/,us
Ross Park,https://www.apple.com/retail/rosspark/,us
Shadyside,https://www.apple.com/retail/shadyside/,us
South Hills Village,https://www.apple.com/retail/southhillsvillage/,us
Lehigh Valley,https://www.apple.com/retail/lehighvalley/,us
Willow Grove Park,https://www.apple.com/retail/willowgrovepark/,us
Providence Place,https://www.apple.com/retail/providenceplace/,us
King Street,https://www.apple.com/retail/kingstreet/,us
Haywood Mall,https://www.apple.com/retail/haywoodmall/,us
CoolSprings Galleria,https://www.apple.com/retail/coolspringsgalleria/,us
Saddle Creek,https://www.apple.com/retail/saddlecreek/,us
West Town Mall,https://www.apple.com/retail/westtownmall/,us
Green Hills,https://www.apple.com/retail/greenhills/,us
Barton Creek,https://www.apple.com/retail/bartoncreek/,us
Domain NORTHSIDE,https://www.apple.com/retail/domainnorthside/,us
Galleria Dallas,https://www.apple.com/retail/galleriadallas/,us
Knox Street,https://www.apple.com/retail/knoxstreet/,us
NorthPark Center,https://www.apple.com/retail/northparkcenter/,us
Cielo Vista Mall,https://www.apple.com/retail/cielovistamall/,us
University Park Village,https://www.apple.com/retail/universityparkvillage/,us
Baybrook,https://www.apple.com/retail/baybrook/,us
Highland Village,https://www.apple.com/retail/highlandvillage/,us
Houston Galleria,https://www.apple.com/retail/houstongalleria/,us
Memorial City,https://www.apple.com/retail/memorialcity/,us
Willowbrook Mall,https://www.apple.com/retail/willowbrookmall/,us
La Cantera,https://www.apple.com/retail/lacantera/,us
North Star,https://www.apple.com/retail/northstar/,us
Southlake Town Square,https://www.apple.com/retail/southlaketownsquare/,us
First Colony Mall,https://www.apple.com/retail/firstcolonymall/,us
The Woodlands,https://www.apple.com/retail/thewoodlands/,us
Station Park,https://www.apple.com/retail/stationpark/,us
Fashion Place,https://www.apple.com/retail/fashionplace/,us
City Creek Center,https://www.apple.com/retail/citycreekcenter/,us
Clarendon,https://www.apple.com/retail/clarendon/,us
Pentagon City,https://www.apple.com/retail/pentagoncity/,us
Fair Oaks,https://www.apple.com/retail/fairoaks/,us
Tysons Corner,https://www.apple.com/retail/tysonscorner/,us
MacArthur Center,https://www.apple.com/retail/macarthurcenter/,us
Reston,https://www.apple.com/retail/reston/,us
Short Pump Town Center,https://www.apple.com/retail/shortpumptowncenter/,us
Lynnhaven Mall,https://www.apple.com/retail/lynnhavenmall/,us
Potomac Town Center,https://www.apple.com/retail/potomactowncenter/,us
Bellevue Square,https://www.apple.com/retail/bellevuesquare/,us
Alderwood,https://www.apple.com/retail/alderwood/,us
University Village,https://www.apple.com/retail/universityvillage/,us
River Park Square,https://www.apple.com/retail/riverparksquare/,us
Tacoma Mall,https://www.apple.com/retail/tacomamall/,us
Southcenter,https://www.apple.com/retail/southcenter/,us
Bayshore,https://www.apple.com/retail/bayshore/,us
Hilldale,https://www.apple.com/retail/hilldale/,us
Mayfair,https://www.apple.com/retail/mayfair/,us
Canberra,https://www.apple.com/au/retail/canberra/,au
Bondi,https://www.apple.com/au/retail/bondi/,au
Broadway,https://www.apple.com/au/retail/broadway/,au
Castle Towers,https://www.apple.com/au/retail/castletowers/,au
Charlestown,https://www.apple.com/au/retail/charlestown/,au
Chatswood Chase,https://www.apple.com/au/retail/chatswoodchase/,au
Hornsby,https://www.apple.com/au/retail/hornsby/,au
Miranda,https://www.apple.com/au/retail/miranda/,au
Penrith,https://www.apple.com/au/retail/penrith/,au
Sydney,https://www.apple.com/au/retail/sydney/,au
Brisbane,https://www.apple.com/au/retail/brisbane/,au
Carindale,https://www.apple.com/au/retail/carindale/,au
Chermside,https://www.apple.com/au/retail/chermside/,au
Robina,https://www.apple.com/au/retail/robina/,au
Rundle Place,https://www.apple.com/au/retail/rundleplace/,au
Chadstone,https://www.apple.com/au/retail/chadstone/,au
Southland,https://www.apple.com/au/retail/southland/,au
Doncaster,https://www.apple.com/au/retail/doncaster/,au
Fountain Gate,https://www.apple.com/au/retail/fountaingate/,au
Highpoint,https://www.apple.com/au/retail/highpoint/,au
Booragoon,https://www.apple.com/au/retail/booragoon/,au
Perth City,https://www.apple.com/au/retail/perthcity/,au
Kärntner Straße,https://www.apple.com/at/retail/kaerntnerstrasse/,at
Union Square,https://www.apple.com/uk/retail/unionsquare/,uk
Festival Place,https://www.apple.com/uk/retail/festivalplace/,uk
SouthGate,https://www.apple.com/uk/retail/southgate/,uk
Victoria Square,https://www.apple.com/uk/retail/victoriasquare/,uk
Birmingham,https://www.apple.com/uk/retail/birmingham/,uk
Churchill Square,https://www.apple.com/uk/retail/churchillsquare/,uk
Cabot Circus,https://www.apple.com/uk/retail/cabotcircus/,uk
Cribbs Causeway,https://www.apple.com/uk/retail/cribbscauseway/,uk
Bromley,https://www.apple.com/uk/retail/bromley/,uk
Grand Arcade,https://www.apple.com/uk/retail/grandarcade/,uk
St David’s 2,https://www.apple.com/uk/retail/stdavids2/,uk
Princes Street,https://www.apple.com/uk/retail/princesstreet/,uk
Princesshay,https://www.apple.com/uk/retail/princesshay/,uk
Metrocentre,https://www.apple.com/uk/retail/metrocentre/,uk
Braehead,https://www.apple.com/uk/retail/braehead/,uk
Buchanan Street,https://www.apple.com/uk/retail/buchananstreet/,uk
Lakeside,https://www.apple.com/uk/retail/lakeside/,uk
Bluewater,https://www.apple.com/uk/retail/bluewater/,uk
Bentall Centre,https://www.apple.com/uk/retail/bentallcentre/,uk
Trinity Leeds,https://www.apple.com/uk/retail/trinityleeds/,uk
Highcross,https://www.apple.com/uk/retail/highcross/,uk
Liverpool,https://www.apple.com/uk/retail/liverpool/,uk
Brent Cross,https://www.apple.com/uk/retail/brentcross/,uk
Covent Garden,https://www.apple.com/uk/retail/coventgarden/,uk
Regent Street,https://www.apple.com/uk/retail/regentstreet/,uk
Stratford City,https://www.apple.com/uk/retail/stratfordcity/,uk
White City,https://www.apple.com/uk/retail/whitecity/,uk
Manchester Arndale,https://www.apple.com/uk/retail/manchesterarndale/,uk
Trafford Centre,https://www.apple.com/uk/retail/traffordcentre/,uk
Milton Keynes,https://www.apple.com/uk/retail/miltonkeynes/,uk
Eldon Square,https://www.apple.com/uk/retail/eldonsquare/,uk
Chapelfield,https://www.apple.com/uk/retail/chapelfield/,uk
Drake Circus,https://www.apple.com/uk/retail/drakecircus/,uk
The Oracle,https://www.apple.com/uk/retail/theoracle/,uk
Meadowhall,https://www.apple.com/uk/retail/meadowhall/,uk
Touchwood Centre,https://www.apple.com/uk/retail/touchwoodcentre/,uk
Southampton,https://www.apple.com/uk/retail/southampton/,uk
Watford,https://www.apple.com/uk/retail/watford/,uk
Marunouchi,https://www.apple.com/jp/retail/marunouchi/,jp
Ginza,https://www.apple.com/jp/retail/ginza/,jp
Fukuoka,https://www.apple.com/jp/retail/fukuoka/,jp
Kawasaki,https://www.apple.com/jp/retail/kawasaki/,jp
Kyoto,https://www.apple.com/jp/retail/kyoto/,jp
Nagoya Sakae,https://www.apple.com/jp/retail/nagoyasakae/,jp
Shinsaibashi,https://www.apple.com/jp/retail/shinsaibashi/,jp
Omotesando,https://www.apple.com/jp/retail/omotesando/,jp
Shibuya,https://www.apple.com/jp/retail/shibuya/,jp
Shinjuku,https://www.apple.com/jp/retail/shinjuku/,jp
Chinook Centre,https://www.apple.com/ca/retail/chinookcentre/,ca
Market Mall,https://www.apple.com/ca/retail/marketmall/,ca
Southgate Centre,https://www.apple.com/ca/retail/southgatecentre/,ca
West Edmonton,https://www.apple.com/ca/retail/westedmonton/,ca
Metrotown,https://www.apple.com/ca/retail/metrotown/,ca
Coquitlam Centre,https://www.apple.com/ca/retail/coquitlamcentre/,ca
Richmond Centre,https://www.apple.com/ca/retail/richmondcentre/,ca
Guildford Town Centre,https://www.apple.com/ca/retail/guildfordtowncentre/,ca
Oakridge Centre,https://www.apple.com/ca/retail/oakridgecentre/,ca
Pacific Centre,https://www.apple.com/ca/retail/pacificcentre/,ca
Polo Park,https://www.apple.com/ca/retail/polopark/,ca
Halifax Shopping Centre,https://www.apple.com/ca/retail/halifaxshoppingcentre/,ca
Mapleview Centre,https://www.apple.com/ca/retail/mapleviewcentre/,ca
Masonville,https://www.apple.com/ca/retail/masonville/,ca
Markville Shopping Centre,https://www.apple.com/ca/retail/markvilleshoppingcentre/,ca
Square One,https://www.apple.com/ca/retail/squareone/,ca
Upper Canada Mall,https://www.apple.com/ca/retail/uppercanadamall/,ca
Bayshore Shopping Centre,https://www.apple.com/ca/retail/bayshoreshoppingcentre/,ca
Rideau,https://www.apple.com/ca/retail/rideau/,ca
Eaton Centre,https://www.apple.com/ca/retail/eatoncentre/,ca
Fairview,https://www.apple.com/ca/retail/fairview/,ca
Sherway Gardens,https://www.apple.com/ca/retail/sherwaygardens/,ca
Yorkdale,https://www.apple.com/ca/retail/yorkdale/,ca
Conestoga,https://www.apple.com/ca/retail/conestoga/,ca
DIX30,https://www.apple.com/ca/retail/dix30/,ca
Carrefour Laval,https://www.apple.com/ca/retail/carrefourlaval/,ca
Sainte-Catherine,https://www.apple.com/ca/retail/saintecatherine/,ca
Fairview Pointe-Claire,https://www.apple.com/ca/retail/fairviewpointeclaire/,ca
Place Ste-Foy,https://www.apple.com/ca/retail/placestefoy/,ca
Via Rizzoli,https://www.apple.com/it/retail/viarizzoli/,it
I Gigli,https://www.apple.com/it/retail/igigli/,it
Carosello,https://www.apple.com/it/retail/carosello/,it
Firenze,https://www.apple.com/it/retail/firenze/,it
Le Gru,https://www.apple.com/it/retail/legru/,it
il Leone,https://www.apple.com/it/retail/illeone/,it
Campania,https://www.apple.com/it/retail/campania/,it
Nave de Vero,https://www.apple.com/it/retail/navedevero/,it
Piazza Liberty,https://www.apple.com/it/retail/piazzaliberty/,it
Centro Sicilia,https://www.apple.com/it/retail/centrosicilia/,it
Oriocenter,https://www.apple.com/it/retail/oriocenter/,it
Le Befane,https://www.apple.com/it/retail/lebefane/,it
Porta di Roma,https://www.apple.com/it/retail/portadiroma/,it
Euroma2,https://www.apple.com/it/retail/euroma2/,it
RomaEst,https://www.apple.com/it/retail/romaest/,it
Fiordaliso,https://www.apple.com/it/retail/fiordaliso/,it
Via Roma,https://www.apple.com/it/retail/viaroma/,it
Chaoyang Joy City,https://www.apple.com.cn/cn/retail/chaoyangjoycity/,cn
China Central Mall,https://www.apple.com.cn/cn/retail/chinacentralmall/,cn
Sanlitun,https://www.apple.com.cn/cn/retail/sanlitun/,cn
Wangfujing,https://www.apple.com.cn/cn/retail/wangfujing/,cn
Xidan Joy City,https://www.apple.com.cn/cn/retail/xidanjoycity/,cn
Jiefangbei,https://www.apple.com.cn/cn/retail/jiefangbei/,cn
MixC Chongqing,https://www.apple.com.cn/cn/retail/mixcchongqing/,cn
Paradise Walk Chongqing,https://www.apple.com.cn/cn/retail/paradisewalkchongqing/,cn
Tahoe Plaza,https://www.apple.com.cn/cn/retail/tahoeplaza/,cn
Xiamen Lifestyle Center,https://www.apple.com.cn/cn/retail/xiamenlifestylecenter/,cn
Parc Central,https://www.apple.com.cn/cn/retail/parccentral/,cn
Zhujiang New Town,https://www.apple.com.cn/cn/retail/zhujiangnewtown/,cn
Holiday Plaza Shenzhen,https://www.apple.com.cn/cn/retail/holidayplazashenzhen/,cn
MixC Nanning,https://www.apple.com.cn/cn/retail/mixcnanning/,cn
MixC Zhengzhou,https://www.apple.com.cn/cn/retail/mixczhengzhou/,cn
Nanjing IST,https://www.apple.com.cn/cn/retail/nanjingist/,cn
Nanjing Jinmao Place,https://www.apple.com.cn/cn/retail/nanjingjinmaoplace/,cn
Wonder City,https://www.apple.com.cn/cn/retail/wondercity/,cn
Suzhou,https://www.apple.com.cn/cn/retail/suzhou/,cn
Center 66 Wuxi,https://www.apple.com.cn/cn/retail/center66wuxi/,cn
Olympia 66 Dalian,https://www.apple.com.cn/cn/retail/olympia66dalian/,cn
Parkland,https://www.apple.com.cn/cn/retail/parkland/,cn
MixC Shenyang,https://www.apple.com.cn/cn/retail/mixcshenyang/,cn
Zhongjie Joy City,https://www.apple.com.cn/cn/retail/zhongjiejoycity/,cn
Parc 66 Jinan,https://www.apple.com.cn/cn/retail/parc66jinan/,cn
MixC Qingdao,https://www.apple.com.cn/cn/retail/mixcqingdao/,cn
Global Harbor,https://www.apple.com.cn/cn/retail/globalharbor/,cn
Hong Kong Plaza,https://www.apple.com.cn/cn/retail/hongkongplaza/,cn
Nanjing East,https://www.apple.com.cn/cn/retail/nanjingeast/,cn
Pudong,https://www.apple.com.cn/cn/retail/pudong/,cn
Qibao,https://www.apple.com.cn/cn/retail/qibao/,cn
Shanghai iapm,https://www.apple.com.cn/cn/retail/shanghaiiapm/,cn
Wujiaochang,https://www.apple.com.cn/cn/retail/wujiaochang/,cn
MixC Chengdu,https://www.apple.com.cn/cn/retail/mixcchengdu/,cn
Taikoo Li Chengdu,https://www.apple.com.cn/cn/retail/taikoolichengdu/,cn
MixC Tianjin,https://www.apple.com.cn/cn/retail/mixctianjin/,cn
Riverside 66 Tianjin,https://www.apple.com.cn/cn/retail/riverside66tianjin/,cn
Tianjin Joy City,https://www.apple.com.cn/cn/retail/tianjinjoycity/,cn
Kunming,https://www.apple.com.cn/cn/retail/kunming/,cn
MixC Hangzhou,https://www.apple.com.cn/cn/retail/mixchangzhou/,cn
West Lake,https://www.apple.com.cn/cn/retail/westlake/,cn
Tianyi Square,https://www.apple.com.cn/cn/retail/tianyisquare/,cn
Freie Strasse,https://www.apple.com/chfr/retail/freiestrasse/,ch
Rue de Rive,https://www.apple.com/chfr/retail/ruederive/,ch
Glattzentrum,https://www.apple.com/chfr/retail/glattzentrum/,ch
Rennweg,https://www.apple.com/chfr/retail/rennweg/,ch
City-Galerie,https://www.apple.com/de/retail/city-galerie/,de
Kurfürstendamm,https://www.apple.com/de/retail/kurfuerstendamm/,de
Rhein Center,https://www.apple.com/de/retail/rheincenter/,de
Schildergasse,https://www.apple.com/de/retail/schildergasse/,de
Altmarkt-Galerie,https://www.apple.com/de/retail/altmarkt-galerie/,de
Düsseldorf,https://www.apple.com/de/retail/duesseldorf/,de
Grosse Bockenheimer Strasse,https://www.apple.com/de/retail/grossebockenheimerstrasse/,de
Alstertal,https://www.apple.com/de/retail/alstertal/,de
Jungfernstieg,https://www.apple.com/de/retail/jungfernstieg/,de
Hannover,https://www.apple.com/de/retail/hannover/,de
OEZ,https://www.apple.com/de/retail/oez/,de
Rosenstrasse,https://www.apple.com/de/retail/rosenstrasse/,de
CentrO,https://www.apple.com/de/retail/centro/,de
Sindelfingen,https://www.apple.com/de/retail/sindelfingen/,de
MTZ,https://www.apple.com/de/retail/mtz/,de
Aix-en-Provence,https://www.apple.com/fr/retail/aix-en-provence/,fr
Sainte-Catherine,https://www.apple.com/fr/retail/sainte-catherine/,fr
La Toison d’Or,https://www.apple.com/fr/retail/latoisondor/,fr
Parly 2,https://www.apple.com/fr/retail/parly2/,fr
Carré Sénart,https://www.apple.com/fr/retail/carresenart/,fr
Lille,https://www.apple.com/fr/retail/lille/,fr
Confluence,https://www.apple.com/fr/retail/confluence/,fr
Part-Dieu,https://www.apple.com/fr/retail/part-dieu/,fr
Val d’Europe,https://www.apple.com/fr/retail/valdeurope/,fr
Marseille,https://www.apple.com/fr/retail/marseille/,fr
Odysseum,https://www.apple.com/fr/retail/odysseum/,fr
CAP 3000,https://www.apple.com/fr/retail/cap3000/,fr
Champs-Élysées,https://www.apple.com/fr/retail/champs-elysees/,fr
Marché Saint-Germain,https://www.apple.com/fr/retail/marchesaintgermain/,fr
Opéra,https://www.apple.com/fr/retail/opera/,fr
Les Quatre Temps,https://www.apple.com/fr/retail/lesquatretemps/,fr
Rosny 2,https://www.apple.com/fr/retail/rosny2/,fr
Atlantis,https://www.apple.com/fr/retail/atlantis/,fr
Strasbourg,https://www.apple.com/fr/retail/strasbourg/,fr
Vélizy 2,https://www.apple.com/fr/retail/velizy2/,fr
Amsterdam,https://www.apple.com/nl/retail/amsterdam/,nl
Den Haag,https://www.apple.com/nl/retail/denhaag/,nl
Haarlem,https://www.apple.com/nl/retail/haarlem/,nl
Río Shopping,https://www.apple.com/es/retail/rioshopping/,es
Xanadú,https://www.apple.com/es/retail/xanadu/,es
La Maquinista,https://www.apple.com/es/retail/lamaquinista/,es
Passeig de Gràcia,https://www.apple.com/es/retail/passeigdegracia/,es
Nueva Condomina,https://www.apple.com/es/retail/nuevacondomina/,es
Parquesur,https://www.apple.com/es/retail/parquesur/,es
Puerta del Sol,https://www.apple.com/es/retail/puertadelsol/,es
Gran Plaza 2,https://www.apple.com/es/retail/granplaza2/,es
La Cañada,https://www.apple.com/es/retail/lacanada/,es
Calle Colón,https://www.apple.com/es/retail/callecolon/,es
Puerto Venecia,https://www.apple.com/es/retail/puertovenecia/,es
Causeway Bay,https://www.apple.com/hk/en/retail/causewaybay/,hk
ifc mall,https://www.apple.com/hk/en/retail/ifcmall/,hk
Festival Walk,https://www.apple.com/hk/en/retail/festivalwalk/,hk
apm Hong Kong,https://www.apple.com/hk/en/retail/apmhongkong/,hk
New Town Plaza,https://www.apple.com/hk/en/retail/newtownplaza/,hk
Canton Road,https://www.apple.com/hk/en/retail/cantonroad/,hk
Väla Centrum,https://www.apple.com/se/retail/valacentrum/,se
Emporia,https://www.apple.com/se/retail/emporia/,se
Täby Centrum,https://www.apple.com/se/retail/tabycentrum/,se
VillageMall,https://www.apple.com/br/retail/villagemall/,br
Morumbi,https://www.apple.com/br/retail/morumbi/,br
Zorlu Center,https://www.apple.com/tr/retail/zorlucenter/,tr
Akasya,https://www.apple.com/tr/retail/akasya/,tr
Brussels,https://www.apple.com/befr/retail/brussels/,be
Yas Mall,https://www.apple.com/ae/retail/yasmall/,ae
Dubai Mall,https://www.apple.com/ae/retail/dubaimall/,ae
Mall of the Emirates,https://www.apple.com/ae/retail/malloftheemirates/,ae
Cotai Central,https://www.apple.com/mo-en/retail/cotaicentral/,mo
Galaxy Macau,https://www.apple.com/mo-en/retail/galaxymacau/,mo
Vía Santa Fe,https://www.apple.com/mx/retail/viasantafe/,mx
Antara,https://www.apple.com/mx/retail/antara/,mx
Jewel Changi Airport,https://www.apple.com/sg/retail/jewelchangiairport/,sg
Orchard Road,https://www.apple.com/sg/retail/orchardroad/,sg
Taipei 101,https://www.apple.com/tw/retail/taipei101/,tw
Xinyi A13,https://www.apple.com/tw/retail/xinyia13/,tw
Iconsiam,https://www.apple.com/th-en/retail/iconsiam/,th
Garosugil,https://www.apple.com/kr/retail/garosugil/,kr
