Store Name,Link,City,Country
The Summit,https://www.apple.com/retail/thesummit/,Birmingham,us
Bridge Street,https://www.apple.com/retail/bridgestreet/,Huntsville,us
Anchorage 5th Avenue Mall,https://www.apple.com/retail/anchorage5thavenuemall/,Anchorage,us
Chandler Fashion Center,https://www.apple.com/retail/chandlerfashioncenter/,Chandler,us
SanTan Village,https://www.apple.com/retail/santanvillage/,Gilbert,us
Arrowhead,https://www.apple.com/retail/arrowhead/,Glendale,us
Scottsdale Fashion Square,https://www.apple.com/retail/scottsdalefashionsquare/,Scottsdale,us
Scottsdale Quarter,https://www.apple.com/retail/scottsdalequarter/,Scottsdale,us
La Encantada,https://www.apple.com/retail/laencantada/,Tucson,us
The Promenade at Chenal,https://www.apple.com/retail/thepromenadeatchenal/,Little Rock,us
Valley Plaza,https://www.apple.com/retail/valleyplaza/,Bakersfield,us
4th Street,https://www.apple.com/retail/4thstreet/,Berkeley,us
Brea Mall,https://www.apple.com/retail/breamall/,Brea,us
Burlingame,https://www.apple.com/retail/burlingame/,Burlingame,us
Topanga,https://www.apple.com/retail/topanga/,Canoga Park,us
Carlsbad,https://www.apple.com/retail/carlsbad/,Carlsbad,us
Los Cerritos,https://www.apple.com/retail/loscerritos/,Cerritos,us
Otay Ranch,https://www.apple.com/retail/otayranch/,Chula Vista,us
Corte Madera,https://www.apple.com/retail/cortemadera/,Corte Madera,us
South Coast Plaza,https://www.apple.com/retail/southcoastplaza/,Costa Mesa,us
Apple Park Visitor Center,https://www.apple.com/retail/appleparkvisitorcenter/,Cupertino,us
Infinite Loop,https://www.apple.com/retail/infiniteloop/,Cupertino,us
Bay Street,https://www.apple.com/retail/baystreet/,Emeryville,us
North County,https://www.apple.com/retail/northcounty/,Escondido,us
Fashion Fair,https://www.apple.com/retail/fashionfair/,Fresno,us
Glendale Galleria,https://www.apple.com/retail/glendalegalleria/,Glendale,us
The Americana at Brand,https://www.apple.com/retail/theamericanaatbrand/,Glendale,us
Irvine Spectrum Center,https://www.apple.com/retail/irvinespectrumcenter/,Irvine,us
Beverly Center,https://www.apple.com/retail/beverlycenter/,Los Angeles,us
Century City,https://www.apple.com/retail/centurycity/,Los Angeles,us
The Grove,https://www.apple.com/retail/thegrove/,Los Angeles,us
Los Gatos,https://www.apple.com/retail/losgatos/,Los Gatos,us
Manhattan Village,https://www.apple.com/retail/manhattanvillage/,Manhattan Beach,us
Mission Viejo,https://www.apple.com/retail/missionviejo/,Mission Viejo,us
Vintage Faire,https://www.apple.com/retail/vintagefaire/,Modesto,us
Del Monte,https://www.apple.com/retail/delmonte/,Monterey,us
Fashion Island,https://www.apple.com/retail/fashionisland/,Newport Beach,us
Northridge,https://www.apple.com/retail/northridge/,Northridge,us
El Paseo Village,https://www.apple.com/retail/elpaseovillage/,Palm Desert,us
Palo Alto,https://www.apple.com/retail/paloalto/,Palo Alto,us
Stanford Shopping Center,https://www.apple.com/retail/stanfordshoppingcenter/,Palo Alto,us
Pasadena,https://www.apple.com/retail/pasadena/,Pasadena,us
Stoneridge Mall,https://www.apple.com/retail/stoneridgemall/,Pleasanton,us
Victoria Gardens,https://www.apple.com/retail/victoriagardens/,Rancho Cucamonga,us
Roseville,https://www.apple.com/retail/roseville/,Roseville,us
Arden Fair,https://www.apple.com/retail/ardenfair/,Sacramento,us
Fashion Valley,https://www.apple.com/retail/fashionvalley/,San Diego,us
UTC,https://www.apple.com/retail/utc/,San Diego,us
Chestnut Street,https://www.apple.com/retail/chestnutstreet/,San Francisco,us
Stonestown,https://www.apple.com/retail/stonestown/,San Francisco,us
Union Square,https://www.apple.com/retail/unionsquare/,San Francisco,us
Oakridge,https://www.apple.com/retail/oakridge/,San Jose,us
Higuera Street,https://www.apple.com/retail/higuerastreet/,San Luis Obispo,us
Hillsdale,https://www.apple.com/retail/hillsdale/,San Mateo,us
State Street,https://www.apple.com/retail/statestreet/,Santa Barbara,us
Valley Fair,https://www.apple.com/retail/valleyfair/,Santa Clara,us
Third Street Promenade,https://www.apple.com/retail/thirdstreetpromenade/,Santa Monica,us
Santa Rosa Plaza,https://www.apple.com/retail/santarosaplaza/,Santa Rosa,us
Sherman Oaks,https://www.apple.com/retail/shermanoaks/,Sherman Oaks,us
Promenade Temecula,https://www.apple.com/retail/promenadetemecula/,Temecula,us
The Oaks,https://www.apple.com/retail/theoaks/,Thousand Oaks,us
Valencia Town Center,https://www.apple.com/retail/valenciatowncenter/,Valencia,us
Broadway Plaza,https://www.apple.com/retail/broadwayplaza/,Walnut Creek,us
Twenty Ninth Street,https://www.apple.com/retail/twentyninthstreet/,Boulder,us
FlatIron Crossing,https://www.apple.com/retail/flatironcrossing/,Broomfield,us
The Promenade Shops at Briargate,https://www.apple.com/retail/thepromenadeshopsatbriargate/,Colorado Springs,us
Cherry Creek,https://www.apple.com/retail/cherrycreek/,Denver,us
Aspen Grove,https://www.apple.com/retail/aspengrove/,Littleton,us
Park Meadows,https://www.apple.com/retail/parkmeadows/,Lone Tree,us
Danbury Fair Mall,https://www.apple.com/retail/danburyfairmall/,Danbury,us
Westfarms,https://www.apple.com/retail/westfarms/,Farmington,us
Greenwich Avenue,https://www.apple.com/retail/greenwichavenue/,Greenwich,us
New Haven,https://www.apple.com/retail/newhaven/,New Haven,us
Evergreen Walk,https://www.apple.com/retail/evergreenwalk/,South Windsor,us
Stamford,https://www.apple.com/retail/stamford/,Stamford,us
Trumbull,https://www.apple.com/retail/trumbull/,Trumbull,us
Christiana Mall,https://www.apple.com/retail/christianamall/,Newark,us
Carnegie Library,https://www.apple.com/retail/carnegielibrary/,Washington,us
Georgetown,https://www.apple.com/retail/georgetown/,Washington,us
Altamonte,https://www.apple.com/retail/altamonte/,Altamonte Springs,us
Aventura,https://www.apple.com/retail/aventura/,Aventura,us
Boca Raton,https://www.apple.com/retail/bocaraton/,Boca Raton,us
Brandon,https://www.apple.com/retail/brandon/,Brandon,us
Coconut Point,https://www.apple.com/retail/coconutpoint/,Estero,us
The Galleria,https://www.apple.com/retail/thegalleria/,Fort Lauderdale,us
St. Johns Town Center,https://www.apple.com/retail/stjohnstowncenter/,Jacksonville,us
Lincoln Road,https://www.apple.com/retail/lincolnroad/,Miami Beach,us
Brickell City Centre,https://www.apple.com/retail/brickellcitycentre/,Miami,us
Dadeland,https://www.apple.com/retail/dadeland/,Miami,us
The Falls,https://www.apple.com/retail/thefalls/,Miami,us
Waterside Shops,https://www.apple.com/retail/watersideshops/,Naples,us
Florida Mall,https://www.apple.com/retail/floridamall/,Orlando,us
Millenia,https://www.apple.com/retail/millenia/,Orlando,us
The Gardens Mall,https://www.apple.com/retail/thegardensmall/,Palm Beach Gardens,us
University Town Center,https://www.apple.com/retail/universitytowncenter/,Sarasota,us
International Plaza,https://www.apple.com/retail/internationalplaza/,Tampa,us
Wellington Green,https://www.apple.com/retail/wellingtongreen/,Wellington,us
Avalon,https://www.apple.com/retail/avalon/,Alpharetta,us
Cumberland Mall,https://www.apple.com/retail/cumberlandmall/,Atlanta,us
Lenox Square,https://www.apple.com/retail/lenoxsquare/,Atlanta,us
Perimeter,https://www.apple.com/retail/perimeter/,Atlanta,us
Augusta,https://www.apple.com/retail/augusta/,Augusta,us
Mall of Georgia,https://www.apple.com/retail/mallofgeorgia/,Buford,us
Ala Moana,https://www.apple.com/retail/alamoana/,Honolulu,us
Kahala,https://www.apple.com/retail/kahala/,Honolulu,us
Royal Hawaiian,https://www.apple.com/retail/royalhawaiian/,Honolulu,us
Boise Towne Square,https://www.apple.com/retail/boisetownesquare/,Boise,us
Lincoln Park,https://www.apple.com/retail/lincolnpark/,Chicago,us
Michigan Avenue,https://www.apple.com/retail/michiganavenue/,Chicago,us
Deer Park,https://www.apple.com/retail/deerpark/,Deer Park,us
Main Place,https://www.apple.com/retail/mainplace/,Naperville,us
Northbrook,https://www.apple.com/retail/northbrook/,Northbrook,us
Oakbrook,https://www.apple.com/retail/oakbrook/,Oak Brook,us
Orland Square Mall,https://www.apple.com/retail/orlandsquaremall/,Orland Park,us
Woodfield,https://www.apple.com/retail/woodfield/,Schaumburg,us
Old Orchard,https://www.apple.com/retail/oldorchard/,Skokie,us
The Fashion Mall at Keystone,https://www.apple.com/retail/thefashionmallatkeystone/,Indianapolis,us
University Park Mall,https://www.apple.com/retail/universityparkmall/,Mishawaka,us
Jordan Creek,https://www.apple.com/retail/jordancreek/,West Des Moines,us
Leawood,https://www.apple.com/retail/leawood/,Leawood,us
Fayette Mall,https://www.apple.com/retail/fayettemall/,Lexington,us
Oxmoor,https://www.apple.com/retail/oxmoor/,Louisville,us
Mall of Louisiana,https://www.apple.com/retail/malloflouisiana/,Baton Rouge,us
Lakeside Shopping Center,https://www.apple.com/retail/lakesideshoppingcenter/,Metairie,us
Maine Mall,https://www.apple.com/retail/mainemall/,South Portland,us
Annapolis,https://www.apple.com/retail/annapolis/,Annapolis,us
Bethesda Row,https://www.apple.com/retail/bethesdarow/,Bethesda,us
Montgomery Mall,https://www.apple.com/retail/montgomerymall/,Bethesda,us
Columbia,https://www.apple.com/retail/columbia/,Columbia,us
Towson Town Center,https://www.apple.com/retail/towsontowncenter/,Towson,us
Boylston Street,https://www.apple.com/retail/boylstonstreet/,Boston,us
South Shore,https://www.apple.com/retail/southshore/,Braintree,us
Burlington,https://www.apple.com/retail/burlington/,Burlington,us
CambridgeSide,https://www.apple.com/retail/cambridgeside/,Cambridge,us
Chestnut Hill,https://www.apple.com/retail/chestnuthill/,Chestnut Hill,us
Legacy Place,https://www.apple.com/retail/legacyplace/,Dedham,us
Derby Street,https://www.apple.com/retail/derbystreet/,Hingham,us
Holyoke,https://www.apple.com/retail/holyoke/,Holyoke,us
MarketStreet,https://www.apple.com/retail/marketstreet/,Lynnfield,us
Solomon Pond Mall,https://www.apple.com/retail/solomonpondmall/,Marlborough,us
Natick,https://www.apple.com/retail/natick/,Natick,us
Briarwood,https://www.apple.com/retail/briarwood/,Ann Arbor,us
Partridge Creek,https://www.apple.com/retail/partridgecreek/,Clinton Township,us
Woodland,https://www.apple.com/retail/woodland/,Grand Rapids,us
Eastwood Towne Center,https://www.apple.com/retail/eastwoodtownecenter/,Lansing,us
Twelve Oaks,https://www.apple.com/retail/twelveoaks/,Novi,us
Somerset,https://www.apple.com/retail/somerset/,Troy,us
Mall of America,https://www.apple.com/retail/mallofamerica/,Bloomington,us
Southdale,https://www.apple.com/retail/southdale/,Edina,us
Uptown,https://www.apple.com/retail/uptown/,Minneapolis,us
Ridgedale,https://www.apple.com/retail/ridgedale/,Minnetonka,us
Rosedale Center,https://www.apple.com/retail/rosedalecenter/,Roseville,us
Renaissance at Colony Park,https://www.apple.com/retail/renaissanceatcolonypark/,Ridgeland,us
Country Club Plaza,https://www.apple.com/retail/countryclubplaza/,Kansas City,us
Saint Louis Galleria,https://www.apple.com/retail/saintlouisgalleria/,St. Louis,us
West County,https://www.apple.com/retail/westcounty/,St. Louis,us
Village Pointe,https://www.apple.com/retail/villagepointe/,Omaha,us
Fashion Show,https://www.apple.com/retail/fashionshow/,Las Vegas,us
Summerlin,https://www.apple.com/retail/summerlin/,Las Vegas,us
The Forum Shops,https://www.apple.com/retail/theforumshops/,Las Vegas,us
Town Square,https://www.apple.com/retail/townsquare/,Las Vegas,us
Summit Sierra,https://www.apple.com/retail/summitsierra/,Reno,us
The Mall of New Hampshire,https://www.apple.com/retail/themallofnewhampshire/,Manchester,us
Pheasant Lane,https://www.apple.com/retail/pheasantlane/,Nashua,us
Rockingham Park,https://www.apple.com/retail/rockinghampark/,Salem,us
Bridgewater,https://www.apple.com/retail/bridgewater/,Bridgewater,us
Cherry Hill,https://www.apple.com/retail/cherryhill/,Cherry Hill,us
Menlo Park,https://www.apple.com/retail/menlopark/,Edison,us
Freehold Raceway Mall,https://www.apple.com/retail/freeholdracewaymall/,Freehold,us
Quaker Bridge,https://www.apple.com/retail/quakerbridge/,Lawrence Township,us
Sagemore,https://www.apple.com/retail/sagemore/,Marlton,us
Garden State Plaza,https://www.apple.com/retail/gardenstateplaza/,Paramus,us
Rockaway,https://www.apple.com/retail/rockaway/,Rockaway,us
Short Hills,https://www.apple.com/retail/shorthills/,Short Hills,us
Willowbrook,https://www.apple.com/retail/willowbrook/,Wayne,us
Tice’s Corner,https://www.apple.com/retail/ticescorner/,Woodcliff Lake,us
ABQ Uptown,https://www.apple.com/retail/abquptown/,Albuquerque,us
Crossgates,https://www.apple.com/retail/crossgates/,Albany,us
Downtown Brooklyn,https://www.apple.com/retail/downtownbrooklyn/,Brooklyn,us
Williamsburg,https://www.apple.com/retail/williamsburg/,Brooklyn,us
Walden Galleria,https://www.apple.com/retail/waldengalleria/,Buffalo,us
Queens Center,https://www.apple.com/retail/queenscenter/,Elmhurst,us
Roosevelt Field,https://www.apple.com/retail/rooseveltfield/,Garden City,us
Walt Whitman,https://www.apple.com/retail/waltwhitman/,Huntington Station,us
Smith Haven,https://www.apple.com/retail/smithhaven/,Lake Grove,us
Manhasset,https://www.apple.com/retail/manhasset/,Manhasset,us
Nanuet,https://www.apple.com/retail/nanuet/,Nanuet,us
Fifth Avenue,https://www.apple.com/retail/fifthavenue/,New York,us
Grand Central,https://www.apple.com/retail/grandcentral/,New York,us
SoHo,https://www.apple.com/retail/soho/,New York,us
Upper East Side,https://www.apple.com/retail/uppereastside/,New York,us
Upper West Side,https://www.apple.com/retail/upperwestside/,New York,us
West 14th Street,https://www.apple.com/retail/west14thstreet/,New York,us
World Trade Center,https://www.apple.com/retail/worldtradecenter/,New York,us
Staten Island,https://www.apple.com/retail/statenisland/,Staten Island,us
Syracuse,https://www.apple.com/retail/syracuse/,Syracuse,us
Eastview,https://www.apple.com/retail/eastview/,Victor,us
The Westchester,https://www.apple.com/retail/thewestchester/,White Plains,us
Ridge Hill,https://www.apple.com/retail/ridgehill/,Yonkers,us
Northlake Mall,https://www.apple.com/retail/northlakemall/,Charlotte,us
SouthPark,https://www.apple.com/retail/southpark/,Charlotte,us
Southpoint,https://www.apple.com/retail/southpoint/,Durham,us
Friendly Center,https://www.apple.com/retail/friendlycenter/,Greensboro,us
Crabtree Valley Mall,https://www.apple.com/retail/crabtreevalleymall/,Raleigh,us
Summit Mall,https://www.apple.com/retail/summitmall/,Akron,us
The Greene,https://www.apple.com/retail/thegreene/,Beavercreek,us
Kenwood Towne Centre,https://www.apple.com/retail/kenwoodtownecentre/,Cincinnati,us
Easton Town Center,https://www.apple.com/retail/eastontowncenter/,Columbus,us
Polaris Fashion Place,https://www.apple.com/retail/polarisfashionplace/,Columbus,us
Franklin Park Mall,https://www.apple.com/retail/franklinparkmall/,Toledo,us
Crocker Park,https://www.apple.com/retail/crockerpark/,Westlake,us
Eton,https://www.apple.com/retail/eton/,Woodmere,us
Penn Square,https://www.apple.com/retail/pennsquare/,Oklahoma City,us
Woodland Hills,https://www.apple.com/retail/woodlandhills/,Tulsa,us
Pioneer Place,https://www.apple.com/retail/pioneerplace/,Portland,us
Bridgeport Village,https://www.apple.com/retail/bridgeportvillage/,Tigard,us
Washington Square,https://www.apple.com/retail/washingtonsquare/,Tigard,us
Suburban Square,https://www.apple.com/retail/suburbansquare/,Ardmore,us
King of Prussia,https://www.apple.com/retail/kingofprussia/,King of Prussia,us
Park City,https://www.apple.com/retail/parkcity/,Lancaster,us
Walnut Street,https://www.apple.com/retail/walnutstreet/,Philadelphia,us
Ross Park,https://www.apple.com/retail/rosspark/,Pittsburgh,us
Shadyside,https://www.apple.com/retail/shadyside/,Pittsburgh,us
South Hills Village,https://www.apple.com/retail/southhillsvillage/,Pittsburgh,us
Lehigh Valley,https://www.apple.com/retail/lehighvalley/,Whitehall,us
Willow Grove Park,https://www.apple.com/retail/willowgrovepark/,Willow Grove,us
Providence Place,https://www.apple.com/retail/providenceplace/,Providence,us
King Street,https://www.apple.com/retail/kingstreet/,Charleston,us
Haywood Mall,https://www.apple.com/retail/haywoodmall/,Greenville,us
CoolSprings Galleria,https://www.apple.com/retail/coolspringsgalleria/,Franklin,us
Saddle Creek,https://www.apple.com/retail/saddlecreek/,Germantown,us
West Town Mall,https://www.apple.com/retail/westtownmall/,Knoxville,us
Green Hills,https://www.apple.com/retail/greenhills/,Nashville,us
Barton Creek,https://www.apple.com/retail/bartoncreek/,Austin,us
Domain NORTHSIDE,https://www.apple.com/retail/domainnorthside/,Austin,us
Galleria Dallas,https://www.apple.com/retail/galleriadallas/,Dallas,us
Knox Street,https://www.apple.com/retail/knoxstreet/,Dallas,us
NorthPark Center,https://www.apple.com/retail/northparkcenter/,Dallas,us
Cielo Vista Mall,https://www.apple.com/retail/cielovistamall/,El Paso,us
University Park Village,https://www.apple.com/retail/universityparkvillage/,Fort Worth,us
Baybrook,https://www.apple.com/retail/baybrook/,Friendswood,us
Highland Village,https://www.apple.com/retail/highlandvillage/,Houston,us
Houston Galleria,https://www.apple.com/retail/houstongalleria/,Houston,us
Memorial City,https://www.apple.com/retail/memorialcity/,Houston,us
Willowbrook Mall,https://www.apple.com/retail/willowbrookmall/,Houston,us
La Cantera,https://www.apple.com/retail/lacantera/,San Antonio,us
North Star,https://www.apple.com/retail/northstar/,San Antonio,us
Southlake Town Square,https://www.apple.com/retail/southlaketownsquare/,Southlake,us
First Colony Mall,https://www.apple.com/retail/firstcolonymall/,Sugar Land,us
The Woodlands,https://www.apple.com/retail/thewoodlands/,The Woodlands,us
Station Park,https://www.apple.com/retail/stationpark/,Farmington,us
Fashion Place,https://www.apple.com/retail/fashionplace/,Murray,us
City Creek Center,https://www.apple.com/retail/citycreekcenter/,Salt Lake City,us
Clarendon,https://www.apple.com/retail/clarendon/,Arlington,us
Pentagon City,https://www.apple.com/retail/pentagoncity/,Arlington,us
Fair Oaks,https://www.apple.com/retail/fairoaks/,Fairfax,us
Tysons Corner,https://www.apple.com/retail/tysonscorner/,McLean,us
MacArthur Center,https://www.apple.com/retail/macarthurcenter/,Norfolk,us
Reston,https://www.apple.com/retail/reston/,Reston,us
Short Pump Town Center,https://www.apple.com/retail/shortpumptowncenter/,Richmond,us
Lynnhaven Mall,https://www.apple.com/retail/lynnhavenmall/,Virginia Beach,us
Potomac Town Center,https://www.apple.com/retail/potomactowncenter/,Woodbridge,us
Bellevue Square,https://www.apple.com/retail/bellevuesquare/,Bellevue,us
Alderwood,https://www.apple.com/retail/alderwood/,Lynnwood,us
University Village,https://www.apple.com/retail/universityvillage/,Seattle,us
River Park Square,https://www.apple.com/retail/riverparksquare/,Spokane,us
Tacoma Mall,https://www.apple.com/retail/tacomamall/,Tacoma,us
Southcenter,https://www.apple.com/retail/southcenter/,Tukwila,us
Bayshore,https://www.apple.com/retail/bayshore/,Glendale,us
Hilldale,https://www.apple.com/retail/hilldale/,Madison,us
Mayfair,https://www.apple.com/retail/mayfair/,Wauwatosa,us
Canberra,https://www.apple.com/au/retail/canberra/,Canberra,au
Bondi,https://www.apple.com/au/retail/bondi/,Bondi,au
Broadway,https://www.apple.com/au/retail/broadway/,Broadway,au
Castle Towers,https://www.apple.com/au/retail/castletowers/,Castle Towers,au
Charlestown,https://www.apple.com/au/retail/charlestown/,Charlestown,au
Chatswood Chase,https://www.apple.com/au/retail/chatswoodchase/,Chatswood Chase,au
Hornsby,https://www.apple.com/au/retail/hornsby/,Hornsby,au
Miranda,https://www.apple.com/au/retail/miranda/,Miranda,au
Penrith,https://www.apple.com/au/retail/penrith/,Penrith,au
Sydney,https://www.apple.com/au/retail/sydney/,Sydney,au
Brisbane,https://www.apple.com/au/retail/brisbane/,Brisbane,au
Carindale,https://www.apple.com/au/retail/carindale/,Carindale,au
Chermside,https://www.apple.com/au/retail/chermside/,Chermside,au
Robina,https://www.apple.com/au/retail/robina/,Robina,au
Rundle Place,https://www.apple.com/au/retail/rundleplace/,Rundle Place,au
Chadstone,https://www.apple.com/au/retail/chadstone/,Chadstone,au
Southland,https://www.apple.com/au/retail/southland/,Southland,au
Doncaster,https://www.apple.com/au/retail/doncaster/,Doncaster,au
Fountain Gate,https://www.apple.com/au/retail/fountaingate/,Fountain Gate,au
Highpoint,https://www.apple.com/au/retail/highpoint/,Highpoint,au
Booragoon,https://www.apple.com/au/retail/booragoon/,Booragoon,au
Perth City,https://www.apple.com/au/retail/perthcity/,Perth City,au
Kärntner Straße,https://www.apple.com/at/retail/kaerntnerstrasse/,Vienna,at
Union Square,https://www.apple.com/uk/retail/unionsquare/,Aberdeen,uk
Festival Place,https://www.apple.com/uk/retail/festivalplace/,Basingstoke,uk
SouthGate,https://www.apple.com/uk/retail/southgate/,Bath,uk
Victoria Square,https://www.apple.com/uk/retail/victoriasquare/,Belfast,uk
Birmingham,https://www.apple.com/uk/retail/birmingham/,Birmingham,uk
Churchill Square,https://www.apple.com/uk/retail/churchillsquare/,Brighton,uk
Cabot Circus,https://www.apple.com/uk/retail/cabotcircus/,Bristol,uk
Cribbs Causeway,https://www.apple.com/uk/retail/cribbscauseway/,Bristol,uk
Bromley,https://www.apple.com/uk/retail/bromley/,Bromley,uk
Grand Arcade,https://www.apple.com/uk/retail/grandarcade/,Cambridge,uk
St David’s 2,https://www.apple.com/uk/retail/stdavids2/,Cardiff,uk
Princes Street,https://www.apple.com/uk/retail/princesstreet/,Edinburgh,uk
Princesshay,https://www.apple.com/uk/retail/princesshay/,Exeter,uk
Metrocentre,https://www.apple.com/uk/retail/metrocentre/,Gateshead,uk
Braehead,https://www.apple.com/uk/retail/braehead/,Glasgow,uk
Buchanan Street,https://www.apple.com/uk/retail/buchananstreet/,Glasgow,uk
Lakeside,https://www.apple.com/uk/retail/lakeside/,Grays,uk
Bluewater,https://www.apple.com/uk/retail/bluewater/,Greenhithe,uk
Bentall Centre,https://www.apple.com/uk/retail/bentallcentre/,Kingston upon Thames,uk
Trinity Leeds,https://www.apple.com/uk/retail/trinityleeds/,Leeds,uk
Highcross,https://www.apple.com/uk/retail/highcross/,Leicester,uk
Liverpool,https://www.apple.com/uk/retail/liverpool/,Liverpool,uk
Brent Cross,https://www.apple.com/uk/retail/brentcross/,London,uk
Covent Garden,https://www.apple.com/uk/retail/coventgarden/,London,uk
Regent Street,https://www.apple.com/uk/retail/regentstreet/,London,uk
Stratford City,https://www.apple.com/uk/retail/stratfordcity/,London,uk
White City,https://www.apple.com/uk/retail/whitecity/,London,uk
Manchester Arndale,https://www.apple.com/uk/retail/manchesterarndale/,Manchester,uk
Trafford Centre,https://www.apple.com/uk/retail/traffordcentre/,Manchester,uk
Milton Keynes,https://www.apple.com/uk/retail/miltonkeynes/,Milton Keynes,uk
Eldon Square,https://www.apple.com/uk/retail/eldonsquare/,Newcastle upon Tyne,uk
Chapelfield,https://www.apple.com/uk/retail/chapelfield/,Norwich,uk
Drake Circus,https://www.apple.com/uk/retail/drakecircus/,Plymouth,uk
The Oracle,https://www.apple.com/uk/retail/theoracle/,Reading,uk
Meadowhall,https://www.apple.com/uk/retail/meadowhall/,Sheffield,uk
Touchwood Centre,https://www.apple.com/uk/retail/touchwoodcentre/,Solihull,uk
Southampton,https://www.apple.com/uk/retail/southampton/,Southampton,uk
Watford,https://www.apple.com/uk/retail/watford/,Watford,uk
Marunouchi,https://www.apple.com/jp/retail/marunouchi/,Marunouchi,jp
Ginza,https://www.apple.com/jp/retail/ginza/,Ginza,jp
Fukuoka,https://www.apple.com/jp/retail/fukuoka/,Fukuoka,jp
Kawasaki,https://www.apple.com/jp/retail/kawasaki/,Kawasaki,jp
Kyoto,https://www.apple.com/jp/retail/kyoto/,Kyoto,jp
Nagoya Sakae,https://www.apple.com/jp/retail/nagoyasakae/,Nagoya Sakae,jp
Shinsaibashi,https://www.apple.com/jp/retail/shinsaibashi/,Shinsaibashi,jp
Omotesando,https://www.apple.com/jp/retail/omotesando/,Omotesando,jp
Shibuya,https://www.apple.com/jp/retail/shibuya/,Shibuya,jp
Shinjuku,https://www.apple.com/jp/retail/shinjuku/,Shinjuku,jp
Chinook Centre,https://www.apple.com/ca/retail/chinookcentre/,Calgary,ca
Market Mall,https://www.apple.com/ca/retail/marketmall/,Calgary,ca
Southgate Centre,https://www.apple.com/ca/retail/southgatecentre/,Edmonton,ca
West Edmonton,https://www.apple.com/ca/retail/westedmonton/,Edmonton,ca
Metrotown,https://www.apple.com/ca/retail/metrotown/,Burnaby,ca
Coquitlam Centre,https://www.apple.com/ca/retail/coquitlamcentre/,Coquitlam,ca
Richmond Centre,https://www.apple.com/ca/retail/richmondcentre/,Richmond,ca
Guildford Town Centre,https://www.apple.com/ca/retail/guildfordtowncentre/,Surrey,ca
Oakridge Centre,https://www.apple.com/ca/retail/oakridgecentre/,Vancouver,ca
Pacific Centre,https://www.apple.com/ca/retail/pacificcentre/,Vancouver,ca
Polo Park,https://www.apple.com/ca/retail/polopark/,Winnipeg,ca
Halifax Shopping Centre,https://www.apple.com/ca/retail/halifaxshoppingcentre/,Halifax,ca
Mapleview Centre,https://www.apple.com/ca/retail/mapleviewcentre/,Burlington,ca
Masonville,https://www.apple.com/ca/retail/masonville/,London,ca
Markville Shopping Centre,https://www.apple.com/ca/retail/markvilleshoppingcentre/,Markham,ca
Square One,https://www.apple.com/ca/retail/squareone/,Mississauga,ca
Upper Canada Mall,https://www.apple.com/ca/retail/uppercanadamall/,Newmarket,ca
Bayshore Shopping Centre,https://www.apple.com/ca/retail/bayshoreshoppingcentre/,Ottawa,ca
Rideau,https://www.apple.com/ca/retail/rideau/,Ottawa,ca
Eaton Centre,https://www.apple.com/ca/retail/eatoncentre/,Toronto,ca
Fairview,https://www.apple.com/ca/retail/fairview/,Toronto,ca
Sherway Gardens,https://www.apple.com/ca/retail/sherwaygardens/,Toronto,ca
Yorkdale,https://www.apple.com/ca/retail/yorkdale/,Toronto,ca
Conestoga,https://www.apple.com/ca/retail/conestoga/,Waterloo,ca
DIX30,https://www.apple.com/ca/retail/dix30/,Brossard,ca
Carrefour Laval,https://www.apple.com/ca/retail/carrefourlaval/,Laval,ca
Sainte-Catherine,https://www.apple.com/ca/retail/saintecatherine/,Montreal,ca
Fairview Pointe-Claire,https://www.apple.com/ca/retail/fairviewpointeclaire/,Pointe-Claire,ca
Place Ste-Foy,https://www.apple.com/ca/retail/placestefoy/,Quebec City,ca
Via Rizzoli,https://www.apple.com/it/retail/viarizzoli/,Bologna,it
I Gigli,https://www.apple.com/it/retail/igigli/,Campi Bisenzio,it
Carosello,https://www.apple.com/it/retail/carosello/,Carugate,it
Firenze,https://www.apple.com/it/retail/firenze/,Firenze,it
Le Gru,https://www.apple.com/it/retail/legru/,Grugliasco,it
il Leone,https://www.apple.com/it/retail/illeone/,Lonato,it
Campania,https://www.apple.com/it/retail/campania/,Marcianise,it
Nave de Vero,https://www.apple.com/it/retail/navedevero/,Mestre,it
Piazza Liberty,https://www.apple.com/it/retail/piazzaliberty/,Milan,it
Centro Sicilia,https://www.apple.com/it/retail/centrosicilia/,Misterbianco,it
Oriocenter,https://www.apple.com/it/retail/oriocenter/,Orio al Serio,it
Le Befane,https://www.apple.com/it/retail/lebefane/,Rimini,it
Porta di Roma,https://www.apple.com/it/retail/portadiroma/,Roma Bufalotta,it
Euroma2,https://www.apple.com/it/retail/euroma2/,Roma EUR,it
RomaEst,https://www.apple.com/it/retail/romaest/,Roma Lunghezza,it
Fiordaliso,https://www.apple.com/it/retail/fiordaliso/,Rozzano,it
Via Roma,https://www.apple.com/it/retail/viaroma/,Torino,it
Chaoyang Joy City,https://www.apple.com.cn/cn/retail/chaoyangjoycity/,Chaoyang Joy City,cn
China Central Mall,https://www.apple.com.cn/cn/retail/chinacentralmall/,China Central Mall,cn
Sanlitun,https://www.apple.com.cn/cn/retail/sanlitun/,Sanlitun,cn
Wangfujing,https://www.apple.com.cn/cn/retail/wangfujing/,Wangfujing,cn
Xidan Joy City,https://www.apple.com.cn/cn/retail/xidanjoycity/,Xidan Joy City,cn
Jiefangbei,https://www.apple.com.cn/cn/retail/jiefangbei/,Jiefangbei,cn
MixC Chongqing,https://www.apple.com.cn/cn/retail/mixcchongqing/,MixC Chongqing,cn
Paradise Walk Chongqing,https://www.apple.com.cn/cn/retail/paradisewalkchongqing/,Paradise Walk Chongqing,cn
Tahoe Plaza,https://www.apple.com.cn/cn/retail/tahoeplaza/,Tahoe Plaza,cn
Xiamen Lifestyle Center,https://www.apple.com.cn/cn/retail/xiamenlifestylecenter/,Xiamen Lifestyle Center,cn
Parc Central,https://www.apple.com.cn/cn/retail/parccentral/,Parc Central,cn
Zhujiang New Town,https://www.apple.com.cn/cn/retail/zhujiangnewtown/,Zhujiang New Town,cn
Holiday Plaza Shenzhen,https://www.apple.com.cn/cn/retail/holidayplazashenzhen/,Holiday Plaza Shenzhen,cn
MixC Nanning,https://www.apple.com.cn/cn/retail/mixcnanning/,MixC Nanning,cn
MixC Zhengzhou,https://www.apple.com.cn/cn/retail/mixczhengzhou/,MixC Zhengzhou,cn
Nanjing IST,https://www.apple.com.cn/cn/retail/nanjingist/,Nanjing IST,cn
Nanjing Jinmao Place,https://www.apple.com.cn/cn/retail/nanjingjinmaoplace/,Nanjing Jinmao Place,cn
Wonder City,https://www.apple.com.cn/cn/retail/wondercity/,Wonder City,cn
Suzhou,https://www.apple.com.cn/cn/retail/suzhou/,Suzhou,cn
Center 66 Wuxi,https://www.apple.com.cn/cn/retail/center66wuxi/,Center 66 Wuxi,cn
Olympia 66 Dalian,https://www.apple.com.cn/cn/retail/olympia66dalian/,Olympia 66 Dalian,cn
Parkland,https://www.apple.com.cn/cn/retail/parkland/,Parkland,cn
MixC Shenyang,https://www.apple.com.cn/cn/retail/mixcshenyang/,MixC Shenyang,cn
Zhongjie Joy City,https://www.apple.com.cn/cn/retail/zhongjiejoycity/,Zhongjie Joy City,cn
Parc 66 Jinan,https://www.apple.com.cn/cn/retail/parc66jinan/,Parc 66 Jinan,cn
MixC Qingdao,https://www.apple.com.cn/cn/retail/mixcqingdao/,MixC Qingdao,cn
Global Harbor,https://www.apple.com.cn/cn/retail/globalharbor/,Global Harbor,cn
Hong Kong Plaza,https://www.apple.com.cn/cn/retail/hongkongplaza/,Hong Kong Plaza,cn
Nanjing East,https://www.apple.com.cn/cn/retail/nanjingeast/,Nanjing East,cn
Pudong,https://www.apple.com.cn/cn/retail/pudong/,Pudong,cn
Qibao,https://www.apple.com.cn/cn/retail/qibao/,Qibao,cn
Shanghai iapm,https://www.apple.com.cn/cn/retail/shanghaiiapm/,Shanghai iapm,cn
Wujiaochang,https://www.apple.com.cn/cn/retail/wujiaochang/,Wujiaochang,cn
MixC Chengdu,https://www.apple.com.cn/cn/retail/mixcchengdu/,MixC Chengdu,cn
Taikoo Li Chengdu,https://www.apple.com.cn/cn/retail/taikoolichengdu/,Taikoo Li Chengdu,cn
MixC Tianjin,https://www.apple.com.cn/cn/retail/mixctianjin/,MixC Tianjin,cn
Riverside 66 Tianjin,https://www.apple.com.cn/cn/retail/riverside66tianjin/,Riverside 66 Tianjin,cn
Tianjin Joy City,https://www.apple.com.cn/cn/retail/tianjinjoycity/,Tianjin Joy City,cn
Kunming,https://www.apple.com.cn/cn/retail/kunming/,Kunming,cn
MixC Hangzhou,https://www.apple.com.cn/cn/retail/mixchangzhou/,MixC Hangzhou,cn
West Lake,https://www.apple.com.cn/cn/retail/westlake/,West Lake,cn
Tianyi Square,https://www.apple.com.cn/cn/retail/tianyisquare/,Tianyi Square,cn
Freie Strasse,https://www.apple.com/chfr/retail/freiestrasse/,Basel,ch
Rue de Rive,https://www.apple.com/chfr/retail/ruederive/,Geneva,ch
Glattzentrum,https://www.apple.com/chfr/retail/glattzentrum/,Glattzentrum bei Wallisellen,ch
Rennweg,https://www.apple.com/chfr/retail/rennweg/,Zurich,ch
City-Galerie,https://www.apple.com/de/retail/city-galerie/,Augsburg,de
Kurfürstendamm,https://www.apple.com/de/retail/kurfuerstendamm/,Berlin,de
Rhein Center,https://www.apple.com/de/retail/rheincenter/,Cologne,de
Schildergasse,https://www.apple.com/de/retail/schildergasse/,Cologne,de
Altmarkt-Galerie,https://www.apple.com/de/retail/altmarkt-galerie/,Dresden,de
Düsseldorf,https://www.apple.com/de/retail/duesseldorf/,Düsseldorf,de
Grosse Bockenheimer Strasse,https://www.apple.com/de/retail/grossebockenheimerstrasse/,Frankfurt,de
Alstertal,https://www.apple.com/de/retail/alstertal/,Hamburg,de
Jungfernstieg,https://www.apple.com/de/retail/jungfernstieg/,Hamburg,de
Hannover,https://www.apple.com/de/retail/hannover/,Hannover,de
OEZ,https://www.apple.com/de/retail/oez/,Munich,de
Rosenstrasse,https://www.apple.com/de/retail/rosenstrasse/,Munich,de
CentrO,https://www.apple.com/de/retail/centro/,Oberhausen,de
Sindelfingen,https://www.apple.com/de/retail/sindelfingen/,Sindelfingen,de
MTZ,https://www.apple.com/de/retail/mtz/,Sulzbach,de
Aix-en-Provence,https://www.apple.com/fr/retail/aix-en-provence/,Aix-en-Provence,fr
Sainte-Catherine,https://www.apple.com/fr/retail/sainte-catherine/,Bordeaux,fr
La Toison d’Or,https://www.apple.com/fr/retail/latoisondor/,Dijon,fr
Parly 2,https://www.apple.com/fr/retail/parly2/,Le Chesnay,fr
Carré Sénart,https://www.apple.com/fr/retail/carresenart/,Lieusaint,fr
Lille,https://www.apple.com/fr/retail/lille/,Lille,fr
Confluence,https://www.apple.com/fr/retail/confluence/,Lyon,fr
Part-Dieu,https://www.apple.com/fr/retail/part-dieu/,Lyon,fr
Val d’Europe,https://www.apple.com/fr/retail/valdeurope/,Marne-la-Vallee,fr
Marseille,https://www.apple.com/fr/retail/marseille/,Marseille,fr
Odysseum,https://www.apple.com/fr/retail/odysseum/,Montpellier,fr
CAP 3000,https://www.apple.com/fr/retail/cap3000/,Nice,fr
Champs-Élysées,https://www.apple.com/fr/retail/champs-elysees/,Paris,fr
Marché Saint-Germain,https://www.apple.com/fr/retail/marchesaintgermain/,Paris,fr
Opéra,https://www.apple.com/fr/retail/opera/,Paris,fr
Les Quatre Temps,https://www.apple.com/fr/retail/lesquatretemps/,Puteaux - la Defense,fr
Rosny 2,https://www.apple.com/fr/retail/rosny2/,Rosny-Sous-Bois,fr
Atlantis,https://www.apple.com/fr/retail/atlantis/,Saint Herblain,fr
Strasbourg,https://www.apple.com/fr/retail/strasbourg/,Strasbourg,fr
Vélizy 2,https://www.apple.com/fr/retail/velizy2/,Velizy-Villacoublay,fr
Amsterdam,https://www.apple.com/nl/retail/amsterdam/,Amsterdam,nl
Den Haag,https://www.apple.com/nl/retail/denhaag/,Den Haag,nl
Haarlem,https://www.apple.com/nl/retail/haarlem/,Haarlem,nl
Río Shopping,https://www.apple.com/es/retail/rioshopping/,Arroyo de la Encomienda,es
Xanadú,https://www.apple.com/es/retail/xanadu/,Arroyomolinos,es
La Maquinista,https://www.apple.com/es/retail/lamaquinista/,Barcelona,es
Passeig de Gràcia,https://www.apple.com/es/retail/passeigdegracia/,Barcelona,es
Nueva Condomina,https://www.apple.com/es/retail/nuevacondomina/,Churra,es
Parquesur,https://www.apple.com/es/retail/parquesur/,Leganés,es
Puerta del Sol,https://www.apple.com/es/retail/puertadelsol/,Madrid,es
Gran Plaza 2,https://www.apple.com/es/retail/granplaza2/,Majadahonda,es
La Cañada,https://www.apple.com/es/retail/lacanada/,Marbella,es
Calle Colón,https://www.apple.com/es/retail/callecolon/,Valencia,es
Puerto Venecia,https://www.apple.com/es/retail/puertovenecia/,Zaragoza,es
Causeway Bay,https://www.apple.com/hk/en/retail/causewaybay/,Causeway Bay,hk
ifc mall,https://www.apple.com/hk/en/retail/ifcmall/,Central,hk
Festival Walk,https://www.apple.com/hk/en/retail/festivalwalk/,Kowloon Tong,hk
apm Hong Kong,https://www.apple.com/hk/en/retail/apmhongkong/,Kwun Tong,hk
New Town Plaza,https://www.apple.com/hk/en/retail/newtownplaza/,Sha Tin,hk
Canton Road,https://www.apple.com/hk/en/retail/cantonroad/,Tsim Sha Tsui,hk
Väla Centrum,https://www.apple.com/se/retail/valacentrum/,Helsingborg,se
Emporia,https://www.apple.com/se/retail/emporia/,Malmö,se
Täby Centrum,https://www.apple.com/se/retail/tabycentrum/,Täby,se
VillageMall,https://www.apple.com/br/retail/villagemall/,Barra da Tijuca,br
Morumbi,https://www.apple.com/br/retail/morumbi/,São Paulo,br
Zorlu Center,https://www.apple.com/tr/retail/zorlucenter/,Beşiktaş İstanbul,tr
Akasya,https://www.apple.com/tr/retail/akasya/,Üsküdar İstanbul,tr
Brussels,https://www.apple.com/befr/retail/brussels/,Apple Store,be
Yas Mall,https://www.apple.com/ae/retail/yasmall/,Abu Dhabi,ae
Dubai Mall,https://www.apple.com/ae/retail/dubaimall/,Dubai,ae
Mall of the Emirates,https://www.apple.com/ae/retail/malloftheemirates/,Dubai,ae
Cotai Central,https://www.apple.com/mo-en/retail/cotaicentral/,Macao,mo
Galaxy Macau,https://www.apple.com/mo-en/retail/galaxymacau/,Macao,mo
Vía Santa Fe,https://www.apple.com/mx/retail/viasantafe/,Cuajimalpa de Morelos,mx
Antara,https://www.apple.com/mx/retail/antara/,Mexico City,mx
Jewel Changi Airport,https://www.apple.com/sg/retail/jewelchangiairport/,Singapore,sg
Orchard Road,https://www.apple.com/sg/retail/orchardroad/,Singapore,sg
Taipei 101,https://www.apple.com/tw/retail/taipei101/,Taipei,tw
Xinyi A13,https://www.apple.com/tw/retail/xinyia13/,Taipei,tw
Iconsiam,https://www.apple.com/th-en/retail/iconsiam/,Bangkok,th
Garosugil,https://www.apple.com/kr/retail/garosugil/,Seoul,kr